UserID,Weight (lbs),Height,Fish,Soybeans,Wheat,Gluten,Milk,Tree Nuts,Eggs,Sesame,Crustacean Shellfish,Gluten Friendly,Less Sodium,Smart Check,Vegan,Vegetarian,Contains Nuts,gelfenbien,kosher,north,northwest,McMahon,putnam,south,whitney
1,1.4231097795203693,-0.209986532122972,1,1,0,0,0,0,0,1,1,1,0,1,0,1,0,0,0,0,0,1,0,0,0
2,-0.9261035352807961,-0.7264856635544757,1,1,0,1,1,1,0,1,1,1,1,0,1,1,0,0,1,0,0,0,0,0,0
3,-0.5502294049126096,1.6346532229895412,0,1,0,0,1,0,0,0,0,1,1,1,1,1,1,0,0,0,0,0,0,1,0
4,0.7183457850800197,0.9705829111490365,0,1,1,0,1,0,0,1,1,1,0,1,1,0,0,0,0,0,0,0,0,0,1
5,0.06056605693569336,1.7084388131940418,0,1,1,1,1,1,0,0,1,1,0,0,0,1,1,0,0,0,0,0,0,0,1
6,-1.1453634446622383,0.38029818951303224,0,0,0,1,0,1,1,0,1,1,0,1,1,1,1,0,1,0,0,0,0,0,0
7,-0.03340247565635326,-1.2429847949859794,0,0,1,0,1,1,0,0,1,1,0,1,1,0,0,0,0,0,0,1,0,0,0
8,-1.427269042438378,0.6016549601265339,0,0,0,0,1,0,0,0,0,1,0,1,0,1,0,0,0,0,0,1,0,0,0
9,0.6557000966853219,0.7492261405355348,0,0,1,0,0,0,1,0,1,1,0,1,0,0,1,0,0,0,0,0,0,0,1
10,-0.7538278921953774,1.4132964523760396,1,0,1,0,0,0,0,1,0,0,0,1,0,1,1,0,0,0,0,1,0,0,0
11,-1.1923477109582616,-1.3905559753949805,0,0,0,1,1,0,1,1,0,1,1,1,0,1,0,0,1,0,0,0,0,0,0
12,-0.4249380281232142,0.3065125993085317,0,1,1,0,0,1,0,0,1,0,0,0,1,0,0,0,0,0,0,1,0,0,0
13,-1.1923477109582616,0.38029818951303224,1,1,0,1,1,1,1,1,1,0,0,1,0,1,1,0,0,0,1,0,0,0,0
14,0.8279757397707408,1.4870820425805402,1,1,1,0,1,0,0,1,0,0,1,1,1,0,0,0,0,1,0,0,0,0,0
15,0.27982596631713547,1.4870820425805402,1,1,1,1,1,0,0,1,0,0,0,0,1,1,0,0,0,0,0,1,0,0,0
16,-1.6152061076224713,-1.31677038519048,0,1,0,0,0,0,1,0,1,1,0,0,1,1,0,0,0,0,0,0,0,0,1
17,0.15453458952774,-1.0954136145769784,0,1,1,1,1,0,0,1,0,0,1,1,0,1,0,1,0,0,0,0,0,0,0
18,-1.5212375750304248,-1.0216280243724778,1,1,1,1,0,0,0,0,0,0,0,0,0,0,0,0,0,0,0,0,1,0,0
19,-0.6128750933073074,0.9705829111490365,0,0,1,1,1,0,1,0,1,1,0,1,0,1,1,0,0,0,0,0,0,1,0
20,-0.6755207817020051,-0.6527000733499752,1,0,1,1,1,0,0,1,1,0,0,1,0,0,0,0,0,0,0,0,1,0,0
21,0.43644018730387985,-1.0954136145769784,1,1,0,0,1,0,0,0,0,1,0,0,0,0,0,0,0,0,0,0,1,0,0
22,-0.15869385244574874,0.23272700910403116,1,0,0,1,1,0,1,0,0,1,0,1,1,1,0,0,0,0,1,0,0,0,0
23,-0.5189065607152608,0.3065125993085317,0,0,0,1,1,0,0,0,1,1,1,0,1,0,1,0,0,0,0,0,0,0,1
24,1.1412041817442296,0.8230117307400354,1,0,1,1,0,1,1,1,0,1,0,1,0,1,0,0,0,0,1,0,0,0,0
25,1.7519996435925325,-0.2837721223274725,1,1,1,0,1,1,1,0,0,0,0,1,1,0,0,0,0,0,0,0,0,0,1
26,-0.6128750933073074,1.0443685013535369,0,1,0,1,1,1,0,0,0,1,0,1,1,1,0,0,0,0,0,0,0,1,0
27,0.7496686292773685,-1.31677038519048,1,1,1,0,0,0,1,1,0,1,0,1,1,1,1,0,0,0,0,0,1,0,0
28,1.7050153772965093,0.38029818951303224,1,1,1,1,1,1,1,0,0,0,0,0,1,1,1,0,0,0,1,0,0,0,0
29,1.5797240005071138,-0.06241535171397095,0,0,0,0,0,0,0,1,1,1,1,1,1,0,0,0,0,0,0,0,0,1,0
30,0.7496686292773685,-0.6527000733499752,0,1,0,0,1,0,1,1,0,1,0,1,1,1,1,0,0,0,0,0,0,1,0
31,-0.6128750933073074,1.7084388131940418,0,0,1,1,0,0,1,1,1,0,0,0,1,1,1,0,1,0,0,0,0,0,0
32,-1.239331977254285,-1.464341565599481,1,1,0,1,1,1,0,0,1,0,0,0,0,0,1,0,0,0,0,1,0,0,0
33,0.4207787652052054,-1.31677038519048,1,0,0,0,0,1,1,0,1,1,1,1,1,0,0,0,0,0,0,0,1,0,0
34,-0.5815522491099585,1.7822244033985424,0,1,0,1,0,0,0,1,0,0,1,0,1,0,1,0,0,0,0,0,1,0,0
35,0.874960006066764,-0.06241535171397095,0,1,0,0,1,1,0,0,1,0,1,1,1,0,1,0,0,1,0,0,0,0,0
36,-0.002079631459004382,0.6016549601265339,1,0,1,1,1,1,1,1,0,1,0,0,1,1,0,0,0,0,1,0,0,0,0
37,-0.45626087232056306,-0.35755771253197305,1,1,1,1,0,1,0,1,0,1,1,0,0,0,1,0,0,0,1,0,0,0,0
38,-1.3646233540436805,-0.5051288929409741,0,0,1,0,1,0,1,1,0,1,0,0,0,0,0,0,0,1,0,0,0,0,0
39,0.7809914734747174,-1.6119127460084821,0,0,0,1,0,1,0,0,0,1,1,1,1,0,1,0,0,0,0,0,1,0,0
40,-1.380284776142355,-0.209986532122972,1,1,0,0,1,1,1,0,1,1,1,1,0,0,1,1,0,0,0,0,0,0,0
41,-1.3019776656489828,0.23272700910403116,0,1,1,0,0,0,1,1,1,0,1,0,0,0,1,0,0,0,1,0,0,0,0
42,-1.0044106457741684,-0.5051288929409741,1,0,1,1,0,0,0,1,0,1,0,0,0,1,0,0,0,0,1,0,0,0,0
43,-1.599544685523797,0.01137023849052958,0,1,1,1,0,1,1,0,1,0,1,0,0,1,1,1,0,0,0,0,0,0,0
44,-1.2863162435503082,1.2657252719670387,1,0,1,1,1,0,0,0,1,1,0,1,1,0,1,0,1,0,0,0,0,0,0
45,1.156865603842904,-1.5381271558039815,1,1,0,1,1,1,1,1,1,0,1,1,0,0,1,0,0,0,0,0,0,0,1
46,-1.098379178366215,-0.9478424341679773,0,1,0,0,1,1,1,0,1,1,1,1,1,0,0,1,0,0,0,0,0,0,0
47,1.0472356491521828,-1.3905559753949805,0,1,1,0,1,0,0,0,1,1,0,0,0,1,1,0,0,0,0,0,0,1,0
48,0.9689285386588107,-1.2429847949859794,1,0,0,0,1,0,0,1,1,0,1,1,0,0,1,0,1,0,0,0,0,0,0
49,-0.33096949553116756,-0.4313433027364736,0,0,0,1,0,1,0,1,0,0,0,0,0,1,1,0,0,0,0,1,0,0,0
50,-1.2236705551556104,-0.13620094191847149,0,1,0,1,1,1,1,1,1,1,0,0,0,1,0,0,1,0,0,0,0,0,0
51,-1.208009133056936,-0.35755771253197305,0,1,0,1,1,0,1,0,0,1,0,1,0,0,0,0,0,0,1,0,0,0,0
52,-0.25266238503779537,-0.4313433027364736,1,1,1,1,0,0,1,0,1,0,0,0,1,1,0,0,0,1,0,0,0,0,0
53,-0.346630917629842,0.3065125993085317,0,1,0,0,1,1,0,0,1,0,1,0,1,0,0,0,0,0,0,0,0,0,1
54,0.5460701419946009,-0.9478424341679773,0,1,1,0,0,0,0,1,0,1,1,0,1,0,0,0,0,0,0,0,1,0,0
55,1.188188448040253,1.7084388131940418,0,1,1,1,1,1,1,1,0,1,1,0,1,1,0,0,0,0,0,0,0,1,0
56,0.7809914734747174,-1.6856983362129825,1,1,1,1,0,0,0,0,1,1,1,0,0,0,0,1,0,0,0,0,0,0,0
57,1.485755467915067,0.8230117307400354,1,1,0,1,1,0,1,1,1,1,1,0,1,1,0,0,0,0,1,0,0,0,0
58,-1.4429304645370526,-0.6527000733499752,1,1,0,0,0,0,1,1,1,1,0,1,1,0,0,0,0,0,0,0,0,0,1
59,1.2821569806322994,-1.6856983362129825,0,1,1,1,0,1,1,0,1,0,1,0,0,1,1,0,0,1,0,0,0,0,0
60,-0.45626087232056306,0.01137023849052958,0,1,1,1,1,1,0,0,0,0,1,1,1,0,0,0,0,0,1,0,0,0,0
61,0.4207787652052054,-1.3905559753949805,1,1,0,0,0,0,0,1,0,1,0,0,1,0,1,0,0,0,0,0,0,0,1
62,1.767661065691207,0.38029818951303224,0,0,0,0,1,0,1,0,0,0,1,1,0,0,1,0,0,0,0,1,0,0,0
63,1.5797240005071138,0.5278693699220333,0,1,0,0,0,1,1,1,0,1,1,0,0,1,1,0,1,0,0,0,0,0,0
64,-0.5815522491099585,0.4540837797175328,1,0,1,0,0,0,1,0,0,0,0,0,1,0,1,0,0,1,0,0,0,0,0
65,-1.5525604192277735,-0.6527000733499752,0,0,1,1,0,1,1,1,1,0,0,0,0,1,1,0,0,0,0,0,1,0,0
66,0.6557000966853219,0.8230117307400354,0,1,1,0,1,0,0,0,0,0,1,0,1,0,1,0,0,1,0,0,0,0,0
67,-1.4742533087344014,0.3065125993085317,1,1,0,0,1,0,0,1,1,1,0,1,0,0,1,0,0,0,0,0,0,0,1
68,-1.208009133056936,-0.8740568439634767,1,1,1,1,0,0,1,1,1,1,0,1,1,0,1,0,0,0,0,0,0,0,1
69,0.13887316742906555,0.8230117307400354,0,1,0,0,1,0,0,1,1,1,1,0,0,1,1,0,0,0,0,0,1,0,0
70,0.9689285386588107,1.7084388131940418,0,0,1,0,1,1,0,0,0,0,1,1,0,1,0,0,0,0,0,1,0,0,0
71,1.1412041817442296,-0.4313433027364736,1,0,1,1,1,1,0,1,0,1,0,1,1,1,1,0,0,0,0,1,0,0,0
72,-0.3936151839258653,0.38029818951303224,1,0,0,0,1,0,0,0,1,1,1,0,1,0,1,0,0,0,0,0,0,0,1
73,0.6243772524879732,-0.13620094191847149,1,1,0,0,1,0,1,0,1,0,1,0,1,0,1,0,0,1,0,0,0,0,0
74,-1.239331977254285,-1.0216280243724778,1,1,0,1,1,0,1,1,1,0,0,1,1,0,0,0,0,0,0,0,0,0,1
75,1.3917869353230206,-1.6119127460084821,1,0,0,0,1,0,1,0,1,1,0,1,0,0,1,1,0,0,0,0,0,0,0
76,0.8592985839680897,1.6346532229895412,1,1,1,1,0,0,0,1,0,1,0,1,0,0,0,0,1,0,0,0,0,0,0
77,-1.6152061076224713,0.7492261405355348,0,0,0,1,1,0,0,1,0,1,0,0,0,0,1,0,0,0,0,1,0,0,0
78,0.6243772524879732,0.01137023849052958,1,0,0,1,0,0,0,1,0,0,1,1,0,0,1,0,0,0,0,0,0,0,1
79,0.15453458952774,0.8230117307400354,1,1,0,1,0,1,0,0,0,0,1,1,0,0,0,0,0,0,0,0,0,1,0
80,0.18585743372508887,1.0443685013535369,0,0,1,1,1,1,1,0,1,1,0,0,1,0,0,0,0,0,0,1,0,0,0
81,-1.239331977254285,-1.3905559753949805,0,1,0,0,0,0,0,0,1,0,1,1,1,1,0,0,0,0,0,1,0,0,0
82,0.13887316742906555,0.01137023849052958,1,0,1,1,0,0,1,1,1,1,1,0,1,1,1,0,0,0,0,0,0,0,1
83,-0.17435527454442318,-1.2429847949859794,0,0,0,0,1,1,0,1,0,0,1,0,1,1,1,0,1,0,0,0,0,0,0
84,-1.3176390877476571,-1.5381271558039815,1,0,0,0,0,0,1,0,1,0,1,0,0,1,0,0,0,0,0,0,0,0,1
85,-0.6128750933073074,1.5608676327850406,0,0,0,1,1,1,0,1,0,1,0,0,1,1,1,0,0,0,0,0,0,1,0
86,-1.599544685523797,1.5608676327850406,0,0,0,0,1,1,0,1,1,0,1,1,1,0,0,0,0,0,1,0,0,0,0
87,0.2015188558237633,0.8967973209445359,0,0,1,1,0,1,0,1,0,1,0,1,1,1,0,0,0,0,1,0,0,0,0
88,1.3448026690269972,-0.5051288929409741,1,0,1,1,1,0,1,1,1,1,1,0,1,1,0,0,0,1,0,0,0,0,0
89,-0.9887492236754939,1.7822244033985424,0,1,1,1,0,1,1,0,1,1,1,0,1,1,1,0,0,0,0,0,0,0,1
90,-1.5525604192277735,-0.06241535171397095,1,0,0,0,0,0,0,1,0,0,0,1,0,0,0,0,0,1,0,0,0,0,0
91,0.013581790639670055,1.7822244033985424,0,0,1,1,0,0,0,1,1,0,0,0,1,1,1,0,0,0,0,0,0,1,0
92,-0.8008121584914006,-1.3905559753949805,0,0,1,1,1,0,1,1,0,1,0,0,0,1,1,0,0,1,0,0,0,0,0
93,-0.8947806910834473,-1.2429847949859794,0,0,0,1,0,0,0,0,0,0,0,0,1,1,0,0,0,0,0,0,0,1,0
94,1.2195112922376017,-1.169199204781479,1,1,1,0,0,1,0,1,1,1,0,1,0,1,0,0,0,0,0,0,0,1,0
95,1.1098813375468806,0.9705829111490365,0,0,1,0,0,1,1,1,1,1,0,0,1,1,1,0,0,0,0,0,1,0,0
96,0.02924321273834449,-1.31677038519048,1,1,1,0,0,1,1,1,1,0,0,0,1,0,1,1,0,0,0,0,0,0,0
97,1.1412041817442296,-0.35755771253197305,0,1,1,1,0,1,1,0,0,1,0,0,0,0,0,0,0,0,0,0,1,0,0
98,-1.129702022563564,-1.0216280243724778,0,1,1,1,1,1,0,0,1,1,1,1,1,0,0,0,0,0,1,0,0,0,0
99,-1.4116076203397037,1.0443685013535369,0,1,1,0,0,1,1,1,0,0,0,1,1,1,1,0,1,0,0,0,0,0,0
100,1.5327397342110904,0.3065125993085317,0,0,0,0,1,1,1,1,1,1,1,0,1,0,1,0,0,0,0,0,1,0,0
101,-0.40927660602453975,-0.7264856635544757,1,1,1,0,1,1,1,0,1,0,0,1,0,0,1,0,0,1,0,0,0,0,0
102,1.6267082668031372,1.4870820425805402,1,0,1,0,1,1,1,0,1,0,0,1,0,0,0,0,0,0,0,0,0,0,1
103,0.7966528955733919,-1.3905559753949805,0,1,0,1,0,1,1,1,0,0,0,0,1,1,0,1,0,0,0,0,0,0,0
104,-0.597213671208633,0.8967973209445359,0,1,0,1,0,0,0,0,0,0,0,1,1,0,1,0,0,0,0,0,0,0,1
105,0.2015188558237633,1.4870820425805402,0,0,1,1,1,1,1,1,0,1,0,1,1,0,0,0,0,1,0,0,0,0,0
106,1.1098813375468806,0.5278693699220333,0,0,1,0,0,1,0,1,0,0,0,1,1,1,1,0,0,0,0,0,0,0,1
107,1.6893539551978347,-1.464341565599481,0,0,0,0,1,0,1,0,0,1,0,0,1,1,0,0,0,0,1,0,0,0,0
108,-1.0827177562675405,-0.7264856635544757,1,1,0,0,0,0,1,1,1,0,1,1,0,1,1,0,0,1,0,0,0,0,0
109,-1.0827177562675405,0.6754405503310343,1,0,0,0,0,0,0,0,0,1,0,1,0,0,1,0,0,0,0,0,0,1,0
110,0.8279757397707408,-0.209986532122972,1,1,1,1,0,1,1,1,0,0,0,1,1,0,0,0,0,1,0,0,0,0,0
111,1.736338221493858,-0.209986532122972,0,1,1,1,0,0,1,0,0,1,0,0,1,0,0,0,0,0,0,0,0,1,0
112,-0.17435527454442318,-1.2429847949859794,0,0,1,1,0,1,0,0,0,1,1,0,0,1,1,0,0,0,1,0,0,0,0
113,0.4990858756985776,0.4540837797175328,1,1,1,0,0,1,1,1,0,0,1,0,0,1,1,0,0,1,0,0,0,0,0
114,0.27982596631713547,-1.31677038519048,0,0,1,0,1,1,0,1,1,1,1,1,0,0,0,0,0,0,1,0,0,0,0
115,-0.6911822038006796,1.5608676327850406,1,1,1,1,1,1,1,0,1,1,1,0,1,0,0,0,0,1,0,0,0,0,0
116,-1.427269042438378,-0.209986532122972,0,0,0,0,1,1,0,1,0,1,0,0,0,0,0,0,0,0,0,0,0,0,1
117,-0.7694893142940518,0.0851558286950301,1,0,0,0,1,0,0,0,1,1,0,0,1,0,1,0,0,1,0,0,0,0,0
118,1.658031111000486,-0.8740568439634767,1,1,0,0,1,1,0,0,1,1,0,1,1,1,1,0,1,0,0,0,0,0,0
119,-1.5368989971290992,0.4540837797175328,0,1,1,1,0,1,0,1,1,0,0,1,0,0,1,0,0,0,0,0,0,1,0
120,-1.208009133056936,0.0851558286950301,1,0,1,1,1,0,1,0,0,0,0,0,1,0,1,1,0,0,0,0,0,0,0
121,0.04490463483701893,0.6016549601265339,1,0,1,0,0,1,1,1,0,0,0,0,1,0,1,0,0,0,0,0,0,1,0
122,-0.8634578468860984,0.23272700910403116,1,1,1,0,0,0,0,1,1,0,0,0,0,1,0,0,0,0,0,0,0,0,1
123,0.5617315640932754,-0.5051288929409741,1,1,1,0,1,0,1,1,0,0,1,0,0,1,0,0,0,0,1,0,0,0,0
124,-0.8164735805900751,-1.6856983362129825,1,0,0,0,0,1,1,0,0,1,1,1,0,0,1,0,0,0,0,0,0,0,1
125,-1.4742533087344014,-0.5789144831454747,0,0,1,1,0,1,0,1,0,1,0,1,1,1,1,0,0,1,0,0,0,0,0
126,1.2508341364349507,-0.35755771253197305,0,0,0,1,0,1,1,0,0,1,0,0,1,1,0,0,0,0,0,1,0,0,0
127,1.5327397342110904,0.8967973209445359,0,1,1,0,0,0,0,1,1,0,0,0,1,0,1,1,0,0,0,0,0,0,0
128,-0.7694893142940518,0.6754405503310343,1,1,0,1,0,0,1,1,0,0,1,1,0,1,1,1,0,0,0,0,0,0,0
129,-1.129702022563564,-0.13620094191847149,0,1,1,0,1,1,1,1,1,0,1,0,0,0,1,0,0,1,0,0,0,0,0
130,0.765330051376043,0.0851558286950301,1,1,0,1,1,1,1,1,0,1,1,1,1,0,1,0,0,0,0,0,0,1,0
131,-0.48758371651791194,-0.8002712537589762,1,1,1,1,1,0,1,0,0,0,1,0,0,0,0,0,0,0,0,0,1,0,0
132,1.1412041817442296,-0.8740568439634767,1,1,1,0,0,0,0,0,0,1,0,0,1,1,1,0,0,0,1,0,0,0,0
133,0.5460701419946009,0.4540837797175328,0,1,1,1,0,1,0,1,1,1,0,1,0,0,0,1,0,0,0,0,0,0,0
134,-0.5189065607152608,-0.6527000733499752,0,1,1,1,0,0,0,1,0,1,0,1,0,0,0,0,0,0,1,0,0,0,0
135,-0.2213395408404465,1.4870820425805402,1,1,1,1,0,1,1,0,1,0,1,1,1,0,0,0,0,1,0,0,0,0,0
136,0.02924321273834449,-1.5381271558039815,0,0,1,0,0,0,1,0,1,0,0,1,1,0,0,1,0,0,0,0,0,0,0
137,-1.0044106457741684,0.15894141889953065,0,1,1,1,1,0,1,1,0,1,1,0,0,0,0,0,0,0,1,0,0,0,0
138,-1.2706548214516338,1.4132964523760396,1,0,0,1,1,1,1,0,0,1,1,0,1,1,0,0,0,0,0,0,0,0,1
139,-1.0670563341688661,-1.5381271558039815,1,1,0,1,1,0,0,0,1,0,0,0,1,0,0,0,0,0,0,0,1,0,0
140,-1.3959461982410293,-0.5789144831454747,0,0,1,1,0,1,0,1,1,1,1,1,1,0,0,0,0,0,0,0,0,1,0
141,-0.7851507363927263,0.5278693699220333,1,0,1,1,0,0,0,0,0,0,1,0,0,1,0,0,0,1,0,0,0,0,0
142,-1.2706548214516338,0.4540837797175328,1,0,0,1,1,0,0,0,1,0,0,0,1,0,0,0,0,0,1,0,0,0,0
143,1.2508341364349507,-1.6856983362129825,1,1,0,1,0,1,1,1,1,0,1,1,1,0,1,0,0,0,0,1,0,0,0
144,1.4700940458163927,-0.7264856635544757,0,1,0,1,0,0,0,1,1,1,0,1,0,0,1,0,0,0,1,0,0,0,0
145,0.9689285386588107,-1.169199204781479,0,1,0,0,0,1,1,1,0,0,0,1,1,0,0,0,0,1,0,0,0,0,0
146,1.7989839098885558,-1.6119127460084821,0,0,0,1,1,1,1,0,1,1,1,1,0,1,0,0,0,1,0,0,0,0,0
147,0.48342445359990316,-1.31677038519048,0,0,0,0,1,1,1,1,1,0,0,0,0,1,0,1,0,0,0,0,0,0,0
148,0.09188890113304224,-1.6119127460084821,1,1,0,0,1,0,0,0,1,1,1,0,0,0,0,0,0,1,0,0,0,0,0
149,1.0472356491521828,1.4870820425805402,0,1,0,0,1,0,0,0,0,1,0,0,0,1,1,0,0,0,0,0,0,0,1
150,1.2195112922376017,-0.2837721223274725,1,0,0,0,1,0,1,1,1,1,1,1,1,0,1,0,1,0,0,0,0,0,0
151,-1.4742533087344014,-0.4313433027364736,1,1,0,1,1,1,0,1,1,1,1,0,1,0,0,0,1,0,0,0,0,0,0
152,-0.5815522491099585,1.339510862171539,0,0,1,0,0,1,0,0,0,0,0,1,1,1,1,0,0,0,1,0,0,0,0
153,0.6713615187839964,0.8230117307400354,1,0,1,1,0,0,1,1,0,1,1,0,0,0,0,1,0,0,0,0,0,0,0
154,0.2954873884158099,-0.06241535171397095,0,1,0,1,0,1,0,0,0,1,0,1,1,1,0,0,0,1,0,0,0,0,0
155,-0.847796424787424,0.38029818951303224,0,0,0,0,1,0,0,1,1,0,0,0,1,0,0,0,0,0,1,0,0,0,0
156,1.658031111000486,-1.3905559753949805,1,0,1,1,0,0,0,1,1,1,1,1,0,1,1,1,0,0,0,0,0,0,0
157,0.9219442723627874,0.15894141889953065,1,0,1,0,1,1,1,1,1,0,1,0,0,1,1,0,0,0,0,1,0,0,0
158,0.3424716547118332,-0.13620094191847149,1,0,1,1,1,1,1,1,0,1,0,0,1,1,1,1,0,0,0,0,0,0,0
159,0.2954873884158099,-0.5051288929409741,1,0,0,1,1,0,0,0,0,0,0,0,1,1,0,1,0,0,0,0,0,0,0
160,0.2954873884158099,-0.8002712537589762,1,1,1,0,1,1,1,1,1,0,1,0,1,0,1,0,0,0,0,0,0,1,0
161,-1.5368989971290992,0.8967973209445359,1,1,0,1,0,1,1,0,0,0,0,1,1,1,0,0,0,1,0,0,0,0,0
162,-0.7694893142940518,-0.13620094191847149,1,1,1,0,1,1,1,0,1,1,0,0,1,1,1,0,1,0,0,0,0,0,0
163,0.10755032323171668,-0.35755771253197305,1,0,1,1,1,1,1,0,1,1,1,0,1,0,1,0,0,0,0,0,0,0,1
164,0.6557000966853219,-1.6119127460084821,0,1,0,0,0,1,0,1,1,0,0,0,1,1,1,1,0,0,0,0,0,0,0
165,-0.5658908270112841,0.38029818951303224,1,1,1,1,1,1,1,1,1,1,1,1,1,1,1,0,0,0,0,0,1,0,0
166,0.4990858756985776,0.9705829111490365,0,0,0,0,1,0,1,1,1,0,0,1,0,1,1,1,0,0,0,0,0,0,0
167,-0.4719222944192375,-1.5381271558039815,1,1,0,0,1,1,0,1,0,0,1,0,0,1,0,0,1,0,0,0,0,0,0
168,-1.3959461982410293,-1.2429847949859794,1,1,1,0,0,0,0,1,0,1,0,0,0,0,0,0,0,0,0,1,0,0,0
169,-1.5525604192277735,0.8967973209445359,0,1,1,0,0,0,0,1,1,1,1,1,0,0,1,0,0,0,0,0,0,0,1
170,1.517078312112416,-1.0216280243724778,1,0,1,1,1,0,0,0,1,0,1,1,0,1,0,0,0,0,1,0,0,0,0
171,0.48342445359990316,-0.6527000733499752,1,0,0,0,1,0,1,0,0,1,0,0,0,0,0,0,0,0,0,0,0,1,0
172,0.4677630315012287,1.2657252719670387,1,1,1,0,1,1,1,0,1,1,0,0,1,0,0,0,0,0,0,1,0,0,0
173,-1.2863162435503082,0.3065125993085317,0,1,0,1,1,1,0,1,1,1,0,1,0,0,1,0,0,1,0,0,0,0,0
174,0.7340072071786942,-1.31677038519048,1,0,1,0,0,0,1,1,1,0,0,1,1,1,1,0,0,0,0,0,0,0,1
175,0.10755032323171668,-1.2429847949859794,1,1,1,1,1,0,0,0,0,0,0,1,1,1,0,0,0,0,0,0,0,0,1
176,-1.0200720678728428,-1.6119127460084821,0,1,1,0,0,1,0,1,1,0,0,0,1,0,1,0,0,0,0,1,0,0,0
177,1.7833224877898814,1.5608676327850406,0,0,0,0,0,1,0,1,0,1,1,0,0,0,1,0,0,0,0,0,0,0,1
178,1.5327397342110904,0.8967973209445359,0,1,1,0,0,0,1,0,1,0,1,0,1,1,1,0,0,0,0,1,0,0,0
179,1.5327397342110904,-0.35755771253197305,0,0,0,1,1,0,0,0,0,0,0,0,1,1,0,0,0,0,0,0,0,0,1
180,0.27982596631713547,0.15894141889953065,0,1,1,0,0,0,0,0,1,1,1,0,1,1,0,1,0,0,0,0,0,0,0
181,0.6557000966853219,-0.2837721223274725,1,0,0,0,0,1,0,1,1,1,1,0,1,0,1,1,0,0,0,0,0,0,0
182,-0.6755207817020051,-0.9478424341679773,0,1,0,0,0,1,1,1,0,1,0,0,1,1,1,0,0,0,0,0,0,1,0
183,0.5304087198959265,0.01137023849052958,0,1,0,0,1,0,0,1,0,1,0,1,0,1,0,0,0,0,0,0,0,1,0
184,-0.33096949553116756,-0.4313433027364736,1,1,0,0,0,0,0,1,1,1,1,1,1,0,1,0,0,0,0,0,0,0,1
185,-0.2213395408404465,1.0443685013535369,1,1,0,0,1,0,1,1,1,0,0,1,1,0,0,1,0,0,0,0,0,0,0
186,1.7206767993951837,1.7084388131940418,1,1,1,1,0,0,1,1,1,1,1,0,1,0,0,0,1,0,0,0,0,0,0
187,-0.706843625899354,1.191939681762538,1,0,1,0,0,1,1,0,1,0,1,1,1,1,1,0,0,0,0,0,0,0,1
188,0.5617315640932754,-0.9478424341679773,1,1,0,0,0,0,1,0,0,1,1,1,1,1,1,0,0,0,1,0,0,0,0
189,0.874960006066764,1.191939681762538,1,0,0,0,0,1,0,0,1,1,1,0,1,1,1,0,0,0,0,0,0,0,1
190,-0.6598593596033308,0.23272700910403116,0,0,1,1,0,1,0,1,0,0,1,1,0,0,1,0,0,0,0,0,0,1,0
191,1.0942199154482062,1.7084388131940418,0,1,1,1,0,0,0,1,1,0,1,1,1,0,0,0,1,0,0,0,0,0,0
192,-1.3333005098463315,-0.7264856635544757,0,0,0,0,0,1,1,0,1,1,1,1,0,0,1,0,0,0,0,0,0,0,1
193,-1.3019776656489828,0.01137023849052958,0,1,1,1,0,0,1,1,1,0,0,1,1,0,1,1,0,0,0,0,0,0,0
194,-0.8164735805900751,-1.6119127460084821,1,1,1,0,1,1,0,1,1,1,1,1,1,1,1,0,0,1,0,0,0,0,0
195,0.24850312211978662,-0.6527000733499752,0,0,0,0,0,0,0,1,1,1,1,1,1,1,0,0,1,0,0,0,0,0,0
196,0.5617315640932754,1.7822244033985424,1,1,1,0,0,1,0,0,1,1,0,0,0,0,0,0,1,0,0,0,0,0,0
197,-1.5212375750304248,1.191939681762538,0,1,1,0,1,1,1,1,0,0,0,0,1,1,1,0,0,0,0,0,0,0,1
198,-1.348961931945006,0.8230117307400354,1,0,1,0,1,1,0,1,1,1,0,1,0,1,1,0,0,1,0,0,0,0,0
199,-1.2549933993529594,-0.35755771253197305,1,1,1,0,0,0,0,1,1,1,0,0,0,0,1,0,0,0,1,0,0,0,0
200,1.517078312112416,1.4132964523760396,0,0,1,1,1,0,0,0,1,0,1,0,0,0,0,1,0,0,0,0,0,0,0
201,-0.6441979375046563,1.191939681762538,1,0,0,1,1,1,0,1,1,0,0,1,1,1,0,0,1,0,0,0,0,0,0
202,0.4990858756985776,-1.6856983362129825,0,1,0,0,0,1,1,0,0,1,0,0,1,0,1,1,0,0,0,0,0,0,0
203,1.6110468447044626,-0.209986532122972,0,0,1,0,1,0,0,0,1,1,0,1,1,1,0,0,0,0,0,0,0,0,1
204,-1.5368989971290992,0.6016549601265339,0,1,0,1,1,1,1,0,1,0,0,0,1,0,0,0,0,1,0,0,0,0,0
205,0.06056605693569336,-1.5381271558039815,1,0,1,1,0,0,1,1,1,0,1,1,0,1,0,0,0,1,0,0,0,0,0
206,-1.630867529721146,1.5608676327850406,1,1,0,0,0,1,1,1,1,0,1,0,1,1,0,0,1,0,0,0,0,0,0
207,-0.957426379478145,1.4870820425805402,0,1,1,1,0,0,1,1,1,1,1,0,0,1,0,0,1,0,0,0,0,0,0
208,0.10755032323171668,-1.0216280243724778,1,0,1,1,1,0,1,1,1,0,0,0,1,1,0,1,0,0,0,0,0,0,0
209,0.26416454421846103,1.339510862171539,1,0,1,1,0,1,0,1,1,0,1,0,0,0,1,0,0,0,1,0,0,0,0
210,1.3448026690269972,0.23272700910403116,0,1,0,1,0,1,0,0,1,1,0,0,1,0,0,0,0,0,0,0,0,1,0
211,1.7833224877898814,-0.35755771253197305,1,0,1,0,1,0,0,0,0,0,1,0,1,0,1,1,0,0,0,0,0,0,0
212,1.0628970712508574,-0.5789144831454747,1,0,1,0,0,1,1,0,1,0,0,1,1,0,1,0,0,1,0,0,0,0,0
213,1.407448357421695,1.7084388131940418,0,0,1,0,0,0,1,0,1,0,0,0,0,0,1,0,0,0,0,0,0,0,1
214,1.6736925330991603,0.4540837797175328,0,1,0,0,1,1,1,1,1,0,1,0,0,1,1,0,0,0,0,1,0,0,0
215,-1.348961931945006,-1.5381271558039815,0,1,1,1,1,1,0,1,0,0,0,1,0,0,1,0,0,0,1,0,0,0,0
216,-1.3176390877476571,0.7492261405355348,0,0,1,0,0,1,1,0,1,0,0,0,0,1,1,0,0,1,0,0,0,0,0
217,-0.5658908270112841,0.8230117307400354,0,1,1,0,0,1,1,1,1,0,0,1,1,1,1,0,0,0,1,0,0,0,0
218,-0.847796424787424,1.339510862171539,1,1,1,0,1,0,0,1,0,0,1,0,0,1,0,1,0,0,0,0,0,0,0
219,0.06056605693569336,1.4132964523760396,0,0,0,1,1,0,1,1,1,0,1,0,0,0,1,0,0,1,0,0,0,0,0
220,0.4990858756985776,-1.0954136145769784,0,0,1,0,0,1,0,1,1,0,0,1,0,0,0,0,0,0,0,1,0,0,0
221,-0.5032451386165864,0.9705829111490365,0,1,0,1,0,1,1,1,1,1,1,0,0,1,0,0,1,0,0,0,0,0,0
222,-0.11170958614972544,1.1181540915580375,1,0,0,0,0,0,1,0,1,0,0,1,1,0,0,0,0,0,0,0,0,0,1
223,-0.6128750933073074,0.15894141889953065,0,0,0,0,1,0,0,1,1,0,0,0,1,1,1,0,0,0,0,0,1,0,0
224,-1.630867529721146,0.3065125993085317,0,0,0,0,1,0,0,0,0,1,0,1,0,1,0,0,0,0,0,0,1,0,0
225,0.765330051376043,0.6754405503310343,0,1,1,1,0,0,0,0,0,1,0,1,1,0,1,1,0,0,0,0,0,0,0
226,-1.0670563341688661,0.3065125993085317,1,1,1,0,1,0,0,0,1,1,0,1,1,0,1,0,0,0,0,1,0,0,0
227,-0.5658908270112841,0.01137023849052958,1,0,1,1,0,0,1,0,0,0,0,1,1,0,0,0,0,0,0,0,1,0,0
228,-1.129702022563564,-0.06241535171397095,1,0,0,1,0,1,1,1,0,1,1,1,0,1,0,0,0,1,0,0,0,0,0
229,-0.5815522491099585,-0.13620094191847149,1,1,0,0,1,0,0,1,0,1,0,1,1,1,1,0,0,0,0,0,0,0,1
230,1.235172714336276,1.4132964523760396,1,1,1,0,0,1,0,0,0,1,0,0,0,0,1,1,0,0,0,0,0,0,0
231,-1.5055761529317504,-1.0216280243724778,0,1,0,0,1,1,1,1,1,1,1,1,1,1,1,0,0,0,0,0,0,1,0
232,1.438771201619044,-1.6119127460084821,0,0,0,0,0,0,0,1,1,1,1,1,0,1,1,0,0,1,0,0,0,0,0
233,0.04490463483701893,0.01137023849052958,0,1,1,0,1,1,0,0,1,0,1,1,1,0,1,0,0,0,0,0,0,0,1
234,-0.6441979375046563,-1.6119127460084821,1,0,0,1,0,1,1,1,0,1,0,0,0,0,1,0,1,0,0,0,0,0,0
235,-0.5189065607152608,-1.0954136145769784,1,1,0,0,1,1,0,0,1,1,0,1,1,1,0,0,0,0,0,0,0,0,1
236,1.2821569806322994,1.6346532229895412,1,1,1,1,1,0,1,0,0,1,0,0,0,0,0,0,0,0,1,0,0,0,0
237,-0.08038674195237656,0.6754405503310343,1,0,1,1,1,1,1,1,0,1,0,0,1,1,0,0,0,0,0,0,1,0,0
238,1.517078312112416,-0.35755771253197305,0,1,0,0,1,1,1,1,0,0,0,0,1,1,0,0,0,0,1,0,0,0,0
239,0.3268102326131588,-0.8740568439634767,1,1,1,1,1,1,1,0,0,0,0,1,1,1,0,0,0,0,0,0,0,0,1
240,0.8906214281654385,0.7492261405355348,0,0,0,0,0,1,0,0,0,0,0,0,1,1,1,0,0,0,0,1,0,0,0
241,0.7026843629813453,-0.2837721223274725,0,1,1,0,1,0,0,1,0,1,1,1,1,1,1,0,0,0,0,1,0,0,0
242,-0.7225050479980285,1.7084388131940418,0,1,1,0,1,1,0,1,1,0,0,0,0,1,0,0,0,0,0,0,0,0,1
243,-0.4249380281232142,-1.3905559753949805,1,0,0,0,1,0,0,1,0,0,0,0,1,0,0,1,0,0,0,0,0,0,0
244,-1.380284776142355,-0.8002712537589762,0,1,0,0,1,1,1,1,0,1,0,1,0,1,0,0,0,0,0,0,1,0,0
245,-0.9104421131821218,1.339510862171539,0,1,0,0,1,0,1,1,1,1,1,0,1,1,0,0,0,0,0,0,0,0,1
246,-0.4249380281232142,0.8230117307400354,0,1,1,0,1,0,0,1,0,0,1,0,1,1,1,0,0,0,0,0,1,0,0
247,0.2954873884158099,1.191939681762538,1,1,1,0,1,0,0,0,0,1,0,0,1,1,1,0,0,1,0,0,0,0,0
248,-0.5345679828139352,-0.6527000733499752,0,0,0,0,1,1,1,1,0,1,0,0,1,1,0,0,1,0,0,0,0,0,0
249,-1.458591886635727,-0.8002712537589762,0,0,0,0,0,1,1,1,0,0,0,0,0,0,0,0,0,1,0,0,0,0,0
250,0.3268102326131588,-1.0954136145769784,1,0,0,1,0,1,1,0,0,0,1,0,0,1,0,1,0,0,0,0,0,0,0
251,0.7496686292773685,1.6346532229895412,1,1,0,0,1,1,1,0,1,1,0,1,0,0,0,0,0,0,0,0,1,0,0
252,0.9219442723627874,0.4540837797175328,0,1,0,0,0,1,1,0,0,0,0,1,1,1,1,0,0,0,0,0,1,0,0
253,-1.458591886635727,0.6016549601265339,1,0,0,1,0,0,1,1,0,0,1,0,0,0,1,0,0,0,0,0,0,0,1
254,1.3917869353230206,1.4132964523760396,1,0,0,1,1,0,1,0,1,0,1,0,0,0,1,0,1,0,0,0,0,0,0
255,-0.706843625899354,-0.7264856635544757,1,0,0,0,0,0,1,1,0,0,1,1,0,1,0,0,0,0,0,0,0,0,1
256,-1.427269042438378,-1.2429847949859794,0,1,0,0,1,0,1,1,1,1,1,1,0,1,0,0,0,0,0,0,0,1,0
257,-0.597213671208633,0.38029818951303224,0,1,0,0,1,1,1,0,1,1,1,0,0,1,1,1,0,0,0,0,0,0,0
258,0.5773929861919498,-0.8002712537589762,1,1,1,0,1,0,0,1,1,1,1,0,0,0,1,0,0,0,0,0,0,0,1
259,1.5327397342110904,0.3065125993085317,1,0,1,1,0,1,0,0,1,1,1,0,1,1,0,1,0,0,0,0,0,0,0
260,-1.5682218413264482,-1.3905559753949805,0,1,1,1,0,1,1,0,0,1,1,1,0,1,0,0,0,0,0,0,1,0,0
261,-1.2549933993529594,0.23272700910403116,1,1,1,1,0,0,0,0,1,0,0,1,0,0,0,1,0,0,0,0,0,0,0
262,-0.37795376182719087,1.1181540915580375,1,0,0,0,0,1,1,0,0,0,0,1,0,0,0,1,0,0,0,0,0,0,0
263,-0.08038674195237656,-0.4313433027364736,0,1,1,1,0,0,1,1,1,1,0,1,1,1,1,0,0,0,1,0,0,0,0
264,-1.380284776142355,0.4540837797175328,0,1,0,0,1,0,0,1,1,1,0,0,1,1,0,1,0,0,0,0,0,0,0
265,-0.15869385244574874,-0.4313433027364736,1,0,1,0,1,0,0,1,1,1,0,0,0,1,1,0,0,0,1,0,0,0,0
266,1.3604640911256716,1.6346532229895412,1,0,0,0,1,0,1,0,0,0,1,1,1,1,0,0,0,0,0,0,1,0,0
267,-1.5682218413264482,-1.31677038519048,1,1,1,1,0,1,1,0,1,0,1,1,0,1,0,0,1,0,0,0,0,0,0
268,-0.5032451386165864,-0.9478424341679773,1,0,1,0,1,1,1,0,0,1,0,1,1,0,0,0,0,0,1,0,0,0,0
269,-1.208009133056936,0.23272700910403116,0,1,1,1,1,0,0,1,0,1,0,0,1,0,1,0,0,0,1,0,0,0,0
270,-0.6128750933073074,0.6754405503310343,1,0,1,1,1,0,1,0,1,0,1,0,0,1,0,0,0,0,0,0,0,0,1
271,-0.33096949553116756,1.0443685013535369,1,1,0,0,1,0,0,1,0,0,1,1,0,1,0,0,0,0,0,0,1,0,0
272,0.6400386745866475,-0.8740568439634767,1,0,0,0,0,0,1,0,0,1,1,1,0,1,0,1,0,0,0,0,0,0,0
273,1.1098813375468806,0.7492261405355348,1,1,0,0,1,1,1,0,0,0,0,1,1,1,0,0,0,0,0,0,0,1,0
274,-0.7851507363927263,-0.06241535171397095,1,1,1,1,1,0,0,1,1,0,0,0,1,0,0,0,0,0,1,0,0,0,0
275,-1.5838832634251225,-1.6856983362129825,1,1,1,1,0,1,1,0,0,1,0,0,1,0,0,1,0,0,0,0,0,0,0
276,-1.1140406004648895,-0.4313433027364736,1,1,0,0,1,1,1,1,1,1,0,0,1,0,1,0,0,0,0,0,0,0,1
277,-0.3936151839258653,-1.6119127460084821,0,1,0,0,0,0,0,0,1,0,0,0,0,1,1,0,0,1,0,0,0,0,0
278,1.0315742270535084,0.23272700910403116,1,0,0,1,1,1,1,1,1,1,1,0,0,1,0,0,0,0,1,0,0,0,0
279,1.5953854226057882,0.5278693699220333,0,0,1,0,0,0,1,1,0,0,1,0,1,0,1,0,1,0,0,0,0,0,0
280,1.6423696889018116,0.5278693699220333,1,0,0,0,1,0,0,1,1,1,1,1,0,0,1,0,1,0,0,0,0,0,0
281,0.18585743372508887,-0.13620094191847149,1,1,1,1,1,1,1,1,1,0,0,1,1,0,1,0,1,0,0,0,0,0,0
282,-0.48758371651791194,1.5608676327850406,0,1,1,0,1,1,1,0,0,1,1,1,1,1,0,0,0,0,0,1,0,0,0
283,0.8123143176720663,1.4870820425805402,1,1,0,1,1,1,1,0,1,0,1,1,1,0,1,0,0,1,0,0,0,0,0
284,-0.9261035352807961,-1.31677038519048,1,0,0,0,1,0,1,0,1,0,0,0,0,0,1,0,0,0,0,0,0,1,0
285,0.27982596631713547,1.339510862171539,0,0,1,0,1,1,1,0,1,0,0,0,0,0,0,0,0,0,0,0,0,1,0
286,0.6870229408826708,-0.2837721223274725,1,1,1,1,1,1,0,0,0,1,0,0,0,1,0,0,0,0,0,1,0,0,0
287,0.2954873884158099,-0.6527000733499752,0,1,0,0,0,1,0,1,1,0,0,0,1,1,0,0,0,0,0,1,0,0,0
288,0.2015188558237633,1.0443685013535369,0,0,1,0,1,1,1,1,1,0,0,0,0,0,0,0,0,0,1,0,0,0,0
289,1.0315742270535084,-0.06241535171397095,0,0,0,0,1,1,1,1,1,1,0,1,0,1,0,0,0,0,1,0,0,0,0
290,1.2195112922376017,-0.2837721223274725,1,0,0,0,0,0,0,1,0,1,1,0,1,0,0,0,0,0,1,0,0,0,0
291,-0.049063897755027695,0.8230117307400354,0,0,0,0,0,0,1,1,0,1,0,0,0,1,0,0,0,0,1,0,0,0,0
292,1.5484011563097648,-0.209986532122972,1,1,0,0,0,1,1,1,1,1,0,0,1,1,0,0,0,0,0,0,0,0,1
293,1.767661065691207,0.6016549601265339,1,1,1,0,0,0,1,0,0,0,0,1,0,0,0,0,1,0,0,0,0,0,0
294,1.5484011563097648,1.191939681762538,0,0,0,0,0,1,1,0,0,1,1,0,1,1,0,0,0,0,0,0,1,0,0
295,1.7206767993951837,-1.464341565599481,1,0,0,1,0,1,0,1,0,0,1,1,0,1,1,0,1,0,0,0,0,0,0
296,0.8123143176720663,-0.4313433027364736,0,1,0,1,0,1,0,1,1,0,0,0,0,1,0,0,0,0,0,0,0,1,0
297,1.6267082668031372,-0.13620094191847149,0,1,1,1,0,1,1,1,0,1,1,0,1,0,0,0,0,0,1,0,0,0,0
298,-0.06472531985370213,-0.4313433027364736,0,1,0,0,0,1,1,1,1,0,1,1,1,1,0,0,0,1,0,0,0,0,0
299,0.3424716547118332,-0.209986532122972,1,0,1,1,0,1,1,0,0,1,1,1,0,1,0,0,1,0,0,0,0,0,0
300,0.35813307681050766,1.7822244033985424,1,0,0,0,1,1,0,0,0,0,1,0,0,1,1,0,0,0,0,0,0,0,1
301,-0.5502294049126096,-1.169199204781479,1,1,0,1,1,0,0,0,1,0,0,0,0,0,1,0,0,0,0,1,0,0,0
302,-0.17435527454442318,0.6754405503310343,0,0,0,1,1,1,0,1,0,0,0,0,0,1,1,0,0,0,0,0,0,1,0
303,0.7183457850800197,0.9705829111490365,0,1,0,1,0,0,0,0,0,0,0,0,1,0,0,0,0,1,0,0,0,0,0
304,0.6713615187839964,0.9705829111490365,0,1,1,0,0,0,1,0,1,0,0,1,1,0,1,0,0,0,0,0,0,0,1
305,-1.599544685523797,-1.464341565599481,0,0,1,0,0,1,1,1,0,1,1,1,1,1,1,0,0,0,0,0,0,0,1
306,-0.4249380281232142,1.6346532229895412,0,0,0,1,0,1,1,0,0,0,0,1,1,0,0,0,0,0,0,1,0,0,0
307,-0.9261035352807961,1.7084388131940418,0,1,0,0,1,1,1,1,1,0,1,1,1,1,1,0,0,0,0,0,1,0,0
308,-0.8008121584914006,-0.9478424341679773,1,1,1,1,1,1,0,1,1,1,1,1,1,0,1,0,0,0,0,1,0,0,0
309,0.6557000966853219,1.7822244033985424,0,0,1,1,0,0,1,1,0,0,0,1,0,1,0,0,0,0,0,0,0,1,0
310,-1.239331977254285,0.01137023849052958,0,1,0,1,0,0,0,0,1,1,1,0,1,1,0,0,1,0,0,0,0,0,0
311,1.438771201619044,-0.06241535171397095,1,1,0,1,1,0,1,1,0,1,1,0,0,1,1,0,1,0,0,0,0,0,0
312,-0.5502294049126096,-1.5381271558039815,0,0,1,1,1,1,0,0,0,1,0,1,0,1,0,1,0,0,0,0,0,0,0
313,0.21718027792243774,-1.464341565599481,1,0,0,0,1,1,0,1,0,1,1,1,1,1,0,0,1,0,0,0,0,0,0
314,-1.098379178366215,0.9705829111490365,1,1,0,1,0,0,1,0,0,1,0,1,0,0,1,0,0,1,0,0,0,0,0
315,0.15453458952774,1.2657252719670387,0,0,0,1,1,1,1,0,1,0,1,0,0,0,1,0,0,0,0,0,1,0,0
316,-0.8164735805900751,-0.5051288929409741,1,0,0,0,0,0,1,1,0,1,0,0,0,1,0,0,0,0,1,0,0,0,0
317,-0.5032451386165864,0.8967973209445359,1,0,0,0,0,0,0,0,1,0,1,0,0,0,1,0,0,0,1,0,0,0,0
318,-0.9104421131821218,-0.7264856635544757,1,0,1,1,1,1,0,1,1,1,1,0,0,0,0,0,0,0,0,0,0,1,0
319,0.7340072071786942,0.23272700910403116,0,1,0,1,1,0,0,1,0,1,0,1,0,0,1,0,0,0,0,0,0,0,1
320,-0.4249380281232142,1.4870820425805402,1,0,1,0,0,1,1,1,1,1,1,0,1,1,1,0,1,0,0,0,0,0,0
321,-1.6152061076224713,0.6754405503310343,1,0,1,0,1,0,0,1,0,1,1,0,0,1,1,1,0,0,0,0,0,0,0
322,-1.0670563341688661,1.2657252719670387,1,0,1,0,0,1,0,1,0,0,1,1,0,1,1,0,0,0,0,0,0,1,0
323,-0.9261035352807961,0.0851558286950301,0,0,1,1,0,1,0,1,1,1,1,0,0,0,0,0,0,0,0,0,0,0,1
324,1.6267082668031372,0.9705829111490365,0,0,0,1,1,1,0,1,0,0,0,1,1,1,1,0,0,0,0,0,0,1,0
325,-1.239331977254285,-1.169199204781479,0,1,1,1,0,1,1,1,0,1,0,0,0,0,1,1,0,0,0,0,0,0,0
326,-0.5815522491099585,0.7492261405355348,0,0,1,0,1,0,0,1,0,0,0,1,0,1,0,1,0,0,0,0,0,0,0
327,-0.5032451386165864,1.4132964523760396,1,1,0,1,0,1,1,0,0,0,0,0,1,1,1,0,1,0,0,0,0,0,0
328,-0.096048164051051,1.4870820425805402,1,0,1,1,1,0,0,0,0,0,0,1,1,0,0,0,0,1,0,0,0,0,0
329,-1.0670563341688661,-0.06241535171397095,1,0,1,0,1,1,1,0,1,0,0,0,0,0,1,0,0,0,0,1,0,0,0
330,-1.0044106457741684,1.339510862171539,0,1,0,0,1,1,1,0,0,0,1,1,1,0,1,1,0,0,0,0,0,0,0
331,0.5617315640932754,-0.209986532122972,0,0,1,1,1,1,0,0,0,1,0,1,0,1,0,0,0,0,0,0,0,0,1
332,1.6110468447044626,0.9705829111490365,0,1,1,0,1,1,1,1,1,0,0,1,0,0,1,0,0,0,1,0,0,0,0
333,1.0472356491521828,0.6754405503310343,1,1,1,1,0,1,0,1,1,1,0,0,0,1,1,0,0,0,0,0,1,0,0
334,-0.8634578468860984,-0.7264856635544757,0,0,0,1,1,1,0,1,0,1,0,1,0,0,1,1,0,0,0,0,0,0,0
335,-1.458591886635727,1.339510862171539,1,0,0,0,1,0,0,0,0,0,1,1,1,1,1,0,0,0,0,0,0,0,1
336,-0.08038674195237656,-1.169199204781479,1,0,0,1,0,1,1,1,0,0,1,1,1,0,1,0,0,0,0,0,0,1,0
337,0.23284170002111218,-0.6527000733499752,0,1,0,1,1,1,1,0,0,1,0,0,1,1,0,1,0,0,0,0,0,0,0
338,-0.45626087232056306,-1.5381271558039815,1,1,0,1,1,1,0,0,0,1,0,0,0,1,0,0,1,0,0,0,0,0,0
339,-1.5055761529317504,-0.8002712537589762,0,1,1,0,1,0,1,1,0,1,0,1,0,0,1,0,0,0,0,1,0,0,0
340,-0.15869385244574874,0.5278693699220333,1,0,0,0,0,0,0,0,0,0,0,1,1,0,1,1,0,0,0,0,0,0,0
341,-0.8634578468860984,1.5608676327850406,0,1,1,0,1,0,0,0,1,1,0,1,1,0,1,0,0,0,0,0,0,0,1
342,0.9062828502641129,-1.6856983362129825,1,0,0,0,0,1,0,0,1,0,0,1,0,0,1,0,1,0,0,0,0,0,0
343,-0.17435527454442318,1.4870820425805402,1,0,0,0,1,0,0,0,1,0,0,1,1,1,0,1,0,0,0,0,0,0,0
344,-0.4249380281232142,-0.8740568439634767,0,0,1,1,1,0,0,1,0,0,0,0,0,1,1,0,0,0,0,0,0,0,1
345,1.736338221493858,0.0851558286950301,0,1,0,0,0,1,0,1,1,1,0,1,1,1,0,0,0,0,1,0,0,0,0
346,-0.48758371651791194,-1.464341565599481,1,0,1,1,1,1,0,1,1,1,1,1,0,1,1,1,0,0,0,0,0,0,0
347,-1.348961931945006,-0.9478424341679773,0,0,1,0,0,1,1,1,0,1,0,1,0,1,1,0,0,0,1,0,0,0,0
348,-0.6911822038006796,0.23272700910403116,0,1,1,1,0,0,1,0,1,0,0,1,0,1,1,0,0,1,0,0,0,0,0
349,1.2821569806322994,-0.9478424341679773,1,1,1,1,0,1,1,0,1,1,0,1,0,0,1,0,0,0,0,0,1,0,0
350,-0.5345679828139352,-1.6119127460084821,0,1,0,0,0,1,0,1,1,1,0,0,1,0,0,1,0,0,0,0,0,0,0
351,0.9376056944614618,0.6016549601265339,1,0,0,1,0,0,1,0,1,0,1,0,0,1,0,0,0,0,0,0,1,0,0
352,0.765330051376043,-1.0216280243724778,1,1,1,0,0,0,0,1,0,0,1,1,1,1,1,0,0,0,0,0,0,0,1
353,-0.48758371651791194,0.23272700910403116,1,1,1,0,0,0,0,1,1,0,1,0,0,1,1,1,0,0,0,0,0,0,0
354,-0.01774105355767882,-1.169199204781479,1,0,1,0,0,1,0,0,0,0,1,1,0,1,1,0,0,0,0,0,1,0,0
355,0.48342445359990316,-0.209986532122972,0,1,0,0,0,0,0,0,1,0,1,0,0,1,0,1,0,0,0,0,0,0,0
356,1.3134798248296484,0.3065125993085317,0,0,0,0,0,0,1,1,1,0,1,1,0,0,0,0,0,0,0,0,0,1,0
357,-0.5189065607152608,0.38029818951303224,1,0,1,0,1,0,0,1,0,0,0,0,0,1,0,0,1,0,0,0,0,0,0
358,0.31114881051448434,-0.13620094191847149,1,0,1,1,0,1,0,1,1,0,0,1,0,0,1,0,0,0,0,1,0,0,0
359,1.3917869353230206,-0.9478424341679773,0,1,1,0,1,1,1,1,1,0,0,0,1,0,0,0,0,0,0,0,1,0,0
360,-0.346630917629842,0.3065125993085317,1,0,1,0,1,1,0,0,0,0,0,1,1,0,1,0,0,1,0,0,0,0,0
361,-1.5838832634251225,-1.2429847949859794,0,0,1,0,1,0,0,0,1,0,1,0,1,0,0,0,0,0,0,0,0,0,1
362,-0.6128750933073074,-0.8002712537589762,1,0,0,0,1,0,1,1,1,0,0,1,0,1,0,1,0,0,0,0,0,0,0
363,1.5327397342110904,-0.9478424341679773,1,0,0,0,1,0,1,0,1,1,0,1,0,0,0,0,0,0,1,0,0,0,0
364,-0.6441979375046563,-0.13620094191847149,0,1,1,1,1,0,0,1,0,0,0,0,0,1,0,0,0,1,0,0,0,0,0
365,0.765330051376043,-0.2837721223274725,1,1,0,0,1,0,0,0,1,0,1,1,1,1,1,0,0,0,0,1,0,0,0
366,1.3604640911256716,1.6346532229895412,1,1,1,1,1,1,1,1,1,1,1,1,1,1,0,0,0,0,0,1,0,0,0
367,-1.2236705551556104,1.191939681762538,1,1,0,0,0,0,0,1,1,1,0,1,0,1,1,1,0,0,0,0,0,0,0
368,0.21718027792243774,0.7492261405355348,1,1,1,1,1,1,1,0,0,1,1,1,0,0,0,0,1,0,0,0,0,0,0
369,1.015912804954834,0.38029818951303224,0,0,0,1,1,0,0,1,0,0,1,1,0,0,1,0,0,1,0,0,0,0,0
370,-0.8634578468860984,1.7084388131940418,1,0,0,0,0,0,0,1,0,0,0,0,1,0,1,1,0,0,0,0,0,0,0
371,-0.48758371651791194,1.1181540915580375,0,0,1,0,0,1,0,1,1,0,0,0,1,1,0,0,0,1,0,0,0,0,0
372,0.10755032323171668,-0.5789144831454747,1,1,1,1,1,1,1,0,1,0,1,0,0,0,1,0,0,0,0,1,0,0,0
373,1.188188448040253,-0.5789144831454747,0,1,0,1,1,0,0,1,1,1,1,1,0,0,0,0,0,0,0,1,0,0,0
374,0.3424716547118332,-0.5789144831454747,0,1,1,0,1,1,0,0,1,0,1,1,1,0,0,1,0,0,0,0,0,0,0
375,0.02924321273834449,-0.5051288929409741,1,0,0,0,0,0,0,1,1,1,1,1,1,0,1,0,0,0,0,0,0,1,0
376,0.8123143176720663,0.3065125993085317,0,1,1,1,1,1,1,0,0,0,1,0,0,0,1,0,0,1,0,0,0,0,0
377,1.5327397342110904,-1.31677038519048,0,1,0,0,0,1,0,1,1,1,1,1,0,1,1,1,0,0,0,0,0,0,0
378,1.1725270259415783,-0.6527000733499752,0,1,1,1,1,0,0,1,1,0,0,0,0,0,1,0,1,0,0,0,0,0,0
379,0.514747297797252,-1.2429847949859794,1,0,1,0,1,0,1,0,0,1,1,0,0,1,1,0,1,0,0,0,0,0,0
380,-0.08038674195237656,0.5278693699220333,0,0,0,0,0,1,0,0,1,0,1,0,0,0,1,0,0,0,0,1,0,0,0
381,-0.2213395408404465,-1.464341565599481,0,0,1,0,1,1,0,0,1,1,0,1,1,0,1,1,0,0,0,0,0,0,0
382,0.04490463483701893,-0.8002712537589762,0,1,0,1,1,0,0,0,1,0,1,0,1,1,1,0,0,0,0,1,0,0,0
383,1.6423696889018116,-1.464341565599481,1,0,0,1,0,1,0,0,0,1,1,0,0,0,0,0,0,0,0,0,1,0,0
384,0.9689285386588107,-0.13620094191847149,0,1,1,0,0,0,0,1,0,1,1,1,0,0,0,0,0,1,0,0,0,0,0
385,0.21718027792243774,-0.2837721223274725,1,1,0,1,1,0,0,0,0,0,1,1,1,0,0,0,0,0,0,1,0,0,0
386,-0.5345679828139352,-1.3905559753949805,1,0,1,0,1,1,0,0,0,0,0,0,0,0,0,1,0,0,0,0,0,0,0
387,-0.15869385244574874,0.8230117307400354,0,0,0,1,0,0,0,1,0,1,1,0,0,0,0,0,0,1,0,0,0,0,0
388,1.5014168900137417,-0.6527000733499752,0,0,0,0,1,1,0,1,1,0,1,1,1,0,0,0,0,0,0,0,0,1,0
389,0.7026843629813453,-0.7264856635544757,1,0,0,0,0,0,1,0,1,1,0,1,1,1,1,0,0,0,0,0,0,0,1
390,-0.5502294049126096,0.01137023849052958,0,1,0,1,1,0,1,1,1,0,0,1,1,1,1,0,0,1,0,0,0,0,0
391,1.3134798248296484,1.4132964523760396,1,0,0,1,0,1,1,1,0,1,1,1,0,0,1,0,0,1,0,0,0,0,0
392,-0.6128750933073074,0.0851558286950301,1,0,1,1,0,0,0,0,0,1,0,0,1,0,1,0,0,0,0,0,0,1,0
393,-1.4899147308330758,-0.13620094191847149,1,0,0,1,1,1,0,0,1,0,1,1,1,1,1,0,1,0,0,0,0,0,0
394,-1.427269042438378,-1.6856983362129825,1,0,0,1,1,1,1,1,1,0,0,0,0,0,0,0,0,0,0,1,0,0,0
395,0.8906214281654385,0.7492261405355348,1,1,0,1,1,0,1,1,0,0,0,0,1,1,0,0,0,0,1,0,0,0,0
396,-0.6128750933073074,-0.35755771253197305,1,1,0,1,1,1,1,1,0,1,1,0,1,1,1,0,0,0,0,1,0,0,0
397,-0.8321350026887495,1.191939681762538,1,0,1,1,1,0,0,1,1,0,1,0,0,0,1,0,0,0,0,0,0,1,0
398,-0.5032451386165864,-0.8740568439634767,1,1,1,0,1,1,0,0,1,1,1,0,0,1,0,0,0,0,0,0,0,0,1
399,-1.5525604192277735,1.6346532229895412,1,1,1,0,1,1,0,1,0,0,0,1,0,1,0,0,0,0,0,1,0,0,0
400,-1.239331977254285,-0.7264856635544757,1,1,0,1,0,0,1,0,1,1,1,0,0,1,1,0,0,0,0,1,0,0,0
401,0.48342445359990316,0.6016549601265339,0,0,1,1,0,0,0,0,0,0,0,1,1,1,0,0,0,1,0,0,0,0,0
402,0.48342445359990316,0.0851558286950301,0,1,1,1,1,1,1,0,1,1,0,0,0,0,1,1,0,0,0,0,0,0,0
403,1.266495558533625,0.0851558286950301,1,1,0,0,1,0,0,1,0,0,1,1,1,0,0,0,0,0,1,0,0,0,0
404,1.156865603842904,-1.3905559753949805,0,1,0,0,0,0,0,0,1,1,0,1,0,1,1,0,1,0,0,0,0,0,0
405,1.0472356491521828,-1.0954136145769784,0,1,0,1,0,1,0,0,0,1,0,1,0,1,0,0,0,0,0,0,0,0,1
406,-0.8634578468860984,0.6016549601265339,0,0,1,0,1,1,1,1,0,1,0,1,0,0,0,0,0,0,1,0,0,0,0
407,1.407448357421695,-0.35755771253197305,0,1,1,1,0,0,1,0,1,1,1,1,0,0,0,0,0,0,0,0,0,1,0
408,0.6400386745866475,-0.06241535171397095,1,1,0,1,1,0,0,0,0,1,0,1,0,0,1,0,1,0,0,0,0,0,0
409,-0.19001669664309762,-0.9478424341679773,0,0,1,0,0,1,1,1,1,0,1,0,1,0,0,0,0,0,0,1,0,0,0
410,-0.7225050479980285,1.339510862171539,0,0,1,1,0,0,1,1,1,1,1,1,0,1,0,0,0,0,1,0,0,0,0
411,-0.20567811874177205,-0.209986532122972,0,0,0,1,1,1,1,1,1,0,1,0,1,0,1,1,0,0,0,0,0,0,0
412,-1.380284776142355,-0.35755771253197305,0,1,1,0,0,0,0,0,1,0,0,1,1,0,1,0,0,0,0,1,0,0,0
413,0.013581790639670055,1.0443685013535369,1,1,0,0,1,1,0,0,0,1,1,0,1,0,0,0,0,0,1,0,0,0,0
414,0.35813307681050766,0.6754405503310343,0,1,0,0,0,0,0,0,0,0,1,0,0,0,1,1,0,0,0,0,0,0,0
415,1.6423696889018116,1.0443685013535369,1,1,0,1,1,1,0,1,0,0,1,0,1,0,1,1,0,0,0,0,0,0,0
416,0.38945592100785653,0.6016549601265339,1,0,0,0,1,1,0,0,1,0,0,1,1,0,1,0,1,0,0,0,0,0,0
417,0.31114881051448434,-1.0216280243724778,1,1,1,0,1,1,0,1,1,1,1,0,0,1,1,0,0,0,0,0,1,0,0
418,1.0472356491521828,0.4540837797175328,0,1,0,0,0,0,0,0,0,0,0,1,0,0,0,0,0,1,0,0,0,0,0
419,-1.4429304645370526,1.339510862171539,0,1,1,1,0,1,1,0,0,0,1,1,0,0,1,0,0,0,1,0,0,0,0
420,-0.7538278921953774,-1.31677038519048,1,1,1,0,0,1,0,0,0,1,1,1,0,1,1,0,0,0,0,0,1,0,0
421,0.18585743372508887,1.339510862171539,1,1,0,0,1,0,0,0,0,0,1,1,1,0,0,0,0,0,0,0,1,0,0
422,0.04490463483701893,1.4132964523760396,1,1,1,0,1,0,0,0,1,1,0,0,0,1,1,0,0,0,1,0,0,0,0
423,-1.3333005098463315,-0.7264856635544757,0,0,0,0,1,1,1,0,0,0,1,1,1,1,1,0,0,0,0,0,1,0,0
424,-1.3959461982410293,1.191939681762538,0,1,1,0,1,1,1,0,1,0,0,0,0,1,0,0,0,0,0,0,0,0,1
425,-0.23700096293912093,-0.209986532122972,1,0,0,1,1,0,1,0,0,0,0,1,0,0,0,0,0,0,0,1,0,0,0
426,1.6893539551978347,0.38029818951303224,0,1,1,1,1,0,0,0,0,1,1,0,1,1,1,0,0,0,0,1,0,0,0
427,1.2978184027309738,-0.6527000733499752,1,1,0,1,1,1,0,0,1,0,1,1,1,0,0,0,0,0,1,0,0,0,0
428,1.4231097795203693,-0.06241535171397095,0,0,0,0,1,1,0,0,0,0,0,0,1,1,1,0,1,0,0,0,0,0,0
429,0.013581790639670055,-0.35755771253197305,0,0,0,1,0,0,1,1,0,1,1,1,0,1,1,0,0,0,0,0,1,0,0
430,0.013581790639670055,1.2657252719670387,1,1,0,1,0,1,0,0,1,1,0,1,0,0,1,0,0,0,0,0,1,0,0
431,-0.7538278921953774,-1.6856983362129825,0,0,1,1,1,1,1,0,1,1,1,1,1,0,1,0,0,1,0,0,0,0,0
432,1.0472356491521828,0.4540837797175328,0,0,0,1,0,1,0,0,0,0,0,1,1,1,0,0,0,0,0,0,0,1,0
433,-0.4719222944192375,0.15894141889953065,0,0,1,1,1,1,1,1,0,0,0,1,1,1,0,0,0,0,0,1,0,0,0
434,-1.208009133056936,0.0851558286950301,1,0,0,0,1,0,0,1,1,1,1,1,0,1,0,0,0,0,0,0,0,0,1
435,-0.346630917629842,-0.13620094191847149,0,0,0,1,0,0,1,1,0,1,1,0,0,0,1,0,0,1,0,0,0,0,0
436,1.7050153772965093,1.339510862171539,0,1,0,0,0,1,1,0,0,0,1,0,0,0,1,0,0,0,1,0,0,0,0
437,0.23284170002111218,-1.6856983362129825,0,0,0,1,1,1,0,0,0,1,1,1,0,0,1,0,1,0,0,0,0,0,0
438,-1.5368989971290992,-0.209986532122972,1,0,0,1,0,1,1,0,1,0,1,1,0,1,1,0,0,1,0,0,0,0,0
439,-1.0200720678728428,-0.8002712537589762,0,0,1,0,1,0,0,1,0,0,0,1,0,1,0,0,0,0,0,0,0,0,1
440,0.02924321273834449,0.5278693699220333,0,1,1,1,1,0,0,0,1,0,1,0,1,0,0,1,0,0,0,0,0,0,0
441,-1.380284776142355,0.6016549601265339,1,1,1,0,0,0,1,1,0,1,1,0,1,1,0,0,0,1,0,0,0,0,0
442,1.2195112922376017,0.5278693699220333,0,1,0,0,1,1,1,1,0,0,1,1,0,1,0,0,0,0,0,0,1,0,0
443,0.02924321273834449,-0.13620094191847149,0,0,1,0,0,0,1,1,1,0,1,0,1,1,0,0,0,0,0,0,1,0,0
444,1.2038498701389273,0.3065125993085317,1,1,1,1,0,1,0,1,0,0,0,0,0,1,0,0,0,0,0,0,1,0,0
445,-0.8791192689847729,-1.5381271558039815,1,0,1,1,1,1,0,0,1,1,0,0,0,1,0,0,0,0,0,0,1,0,0
446,0.514747297797252,-0.209986532122972,1,0,1,0,1,0,0,1,0,0,0,0,0,1,0,0,0,0,1,0,0,0,0
447,1.1098813375468806,-0.13620094191847149,0,1,0,0,1,1,1,0,0,0,1,0,1,0,1,0,1,0,0,0,0,0,0
448,1.7050153772965093,0.9705829111490365,1,1,1,0,1,0,1,1,1,1,1,0,1,1,0,0,0,0,0,0,0,1,0
449,0.4990858756985776,-0.8002712537589762,1,0,0,1,0,0,1,1,0,1,0,0,0,1,0,1,0,0,0,0,0,0,0
450,-1.129702022563564,0.6754405503310343,1,1,0,0,0,1,1,1,0,0,0,1,0,0,1,1,0,0,0,0,0,0,0
451,1.3761255132243462,0.15894141889953065,1,1,0,1,0,0,1,1,0,0,1,1,0,1,0,0,0,1,0,0,0,0,0
452,-0.9104421131821218,1.6346532229895412,0,0,0,0,0,0,0,0,0,0,0,0,1,0,1,0,0,0,0,0,0,1,0
453,-0.19001669664309762,0.3065125993085317,1,0,0,0,1,1,0,0,1,1,0,1,0,0,1,0,0,0,0,1,0,0,0
454,0.9845899607574852,-0.35755771253197305,1,0,0,0,1,0,1,1,1,1,1,0,0,1,0,1,0,0,0,0,0,0,0
455,-0.7851507363927263,0.9705829111490365,1,1,0,1,0,1,0,0,1,1,1,0,0,0,0,0,0,0,0,0,0,0,1
456,1.3134798248296484,1.5608676327850406,0,1,0,1,1,1,1,1,1,0,1,1,1,0,0,0,0,0,0,0,1,0,0
457,-0.096048164051051,1.5608676327850406,1,0,0,0,0,1,1,1,0,0,0,1,0,0,0,0,0,0,1,0,0,0,0
458,0.3268102326131588,-1.0954136145769784,1,1,1,0,1,0,1,0,0,1,0,0,0,1,0,0,0,0,0,0,0,1,0
459,-0.33096949553116756,0.6754405503310343,0,1,0,1,0,1,1,1,1,0,1,1,0,0,0,0,0,0,0,0,1,0,0
460,1.5797240005071138,-1.464341565599481,0,0,0,1,0,1,0,1,0,0,0,1,0,0,1,0,0,0,0,0,1,0,0
461,-1.0357334899715172,-1.3905559753949805,0,1,1,0,0,1,1,0,0,1,0,0,0,1,1,0,1,0,0,0,0,0,0
462,-0.2683238071364698,0.4540837797175328,1,1,1,1,0,1,0,0,0,0,0,1,1,1,0,0,0,1,0,0,0,0,0
463,-1.3019776656489828,-1.0216280243724778,1,1,0,0,1,0,0,0,0,0,0,1,0,1,1,0,0,0,0,0,1,0,0
464,-1.5368989971290992,-1.2429847949859794,1,0,1,0,0,0,1,0,1,0,0,1,1,1,0,0,1,0,0,0,0,0,0
465,1.736338221493858,1.0443685013535369,1,0,0,1,0,1,0,1,0,0,1,0,0,0,1,0,0,0,0,1,0,0,0
466,0.43644018730387985,1.1181540915580375,0,1,0,1,1,0,0,0,1,0,1,1,1,0,1,0,0,0,0,0,0,1,0
467,-0.19001669664309762,-1.31677038519048,1,1,1,1,1,0,1,1,1,0,1,1,1,0,1,0,0,0,1,0,0,0,0
468,1.7050153772965093,-1.3905559753949805,0,0,1,0,1,1,1,1,1,1,0,1,1,1,0,1,0,0,0,0,0,0,0
469,-0.9887492236754939,-0.5051288929409741,0,1,1,1,0,0,1,1,1,0,1,1,1,0,0,0,0,0,0,0,0,0,1
470,-1.098379178366215,-0.2837721223274725,0,1,0,1,1,0,1,1,1,1,0,1,0,0,0,0,0,0,0,1,0,0,0
471,0.3424716547118332,0.8967973209445359,1,0,0,0,1,1,0,0,1,1,1,0,1,1,1,0,0,0,0,0,1,0,0
472,-0.17435527454442318,-0.209986532122972,0,1,1,0,0,0,0,0,0,1,1,1,0,0,0,0,0,1,0,0,0,0,0
473,-1.4116076203397037,0.0851558286950301,1,1,1,1,0,1,0,1,0,0,1,0,0,0,1,0,0,0,0,0,0,1,0
474,1.7050153772965093,-0.5051288929409741,1,1,1,1,1,0,1,1,0,1,1,1,1,0,0,0,0,0,1,0,0,0,0
475,-0.20567811874177205,1.2657252719670387,1,0,1,0,0,1,0,0,1,1,1,0,0,1,0,0,0,0,0,0,0,0,1
476,0.6400386745866475,-0.5789144831454747,0,0,0,0,0,1,0,0,1,1,0,0,0,0,0,0,1,0,0,0,0,0,0
477,-0.049063897755027695,-0.8740568439634767,0,0,0,0,0,0,1,0,1,1,1,0,0,0,1,0,1,0,0,0,0,0,0
478,0.9376056944614618,0.8230117307400354,1,0,1,0,0,0,1,1,1,0,0,0,1,1,0,0,1,0,0,0,0,0,0
479,-0.7851507363927263,0.0851558286950301,0,0,1,1,0,0,0,0,1,0,0,1,1,1,0,0,0,0,1,0,0,0,0
480,0.013581790639670055,1.0443685013535369,0,1,1,1,0,1,0,0,0,1,1,1,1,0,0,0,1,0,0,0,0,0,0
481,-0.957426379478145,-0.5789144831454747,0,0,1,0,0,0,1,0,1,0,0,0,1,1,0,0,0,0,0,0,0,0,1
482,-0.049063897755027695,0.3065125993085317,0,1,1,1,0,1,1,1,0,0,0,1,1,0,1,0,0,0,1,0,0,0,0
483,0.09188890113304224,1.7084388131940418,1,1,1,0,1,1,0,0,1,1,1,1,1,0,1,0,0,0,0,1,0,0,0
484,-0.6911822038006796,0.9705829111490365,0,1,1,1,1,1,1,1,1,1,0,1,0,1,1,0,0,1,0,0,0,0,0
485,1.6110468447044626,-0.7264856635544757,1,1,0,1,1,1,1,1,1,1,1,0,0,0,0,0,0,1,0,0,0,0,0
486,-0.11170958614972544,1.4132964523760396,1,1,0,1,0,0,0,1,1,0,1,0,1,1,1,1,0,0,0,0,0,0,0
487,1.2508341364349507,-0.5051288929409741,1,1,0,0,1,0,0,1,0,0,0,1,0,1,1,0,0,1,0,0,0,0,0
488,-0.2213395408404465,1.191939681762538,1,0,1,1,1,0,0,0,1,0,0,0,0,0,0,0,0,0,0,0,0,1,0
489,-0.37795376182719087,1.1181540915580375,0,1,1,0,1,1,1,0,1,0,1,0,0,1,1,0,0,1,0,0,0,0,0
490,0.21718027792243774,-1.3905559753949805,1,1,0,1,1,1,1,1,1,0,0,1,0,1,1,0,0,1,0,0,0,0,0
491,1.156865603842904,-0.06241535171397095,1,0,0,0,0,1,0,1,1,1,1,0,0,1,1,0,0,0,0,1,0,0,0
492,0.6243772524879732,-1.5381271558039815,0,1,1,0,0,0,1,1,1,0,0,0,1,1,0,0,0,0,0,0,1,0,0
493,0.31114881051448434,0.23272700910403116,1,1,0,0,0,1,1,1,1,1,1,0,0,1,0,1,0,0,0,0,0,0,0
494,-0.03340247565635326,0.8230117307400354,0,1,1,1,1,1,0,1,0,0,0,0,1,1,0,0,0,0,0,0,0,1,0
495,-0.33096949553116756,-0.9478424341679773,0,1,0,1,1,1,1,0,0,1,1,0,0,0,0,0,0,0,0,0,0,1,0
496,1.0002513828561597,-1.3905559753949805,1,0,1,1,0,0,0,1,1,1,1,1,0,1,0,0,0,0,0,0,1,0,0
497,-0.23700096293912093,0.9705829111490365,1,1,1,0,1,0,1,0,0,1,0,1,1,1,1,0,0,0,0,0,1,0,0
498,0.6713615187839964,-1.3905559753949805,1,0,1,0,0,1,0,0,1,0,0,1,1,0,0,1,0,0,0,0,0,0,0
499,1.3291412469283228,-1.5381271558039815,0,0,1,1,0,0,1,1,0,1,0,1,0,0,1,0,0,0,0,0,0,0,1
500,0.7496686292773685,-0.9478424341679773,0,1,1,1,0,0,0,1,1,0,1,1,0,0,1,0,0,0,1,0,0,0,0
501,-0.847796424787424,-0.5051288929409741,1,1,1,1,0,1,0,0,0,1,0,1,0,0,0,0,0,0,0,0,0,1,0
502,1.517078312112416,0.6016549601265339,1,0,0,0,1,0,0,0,1,0,0,1,0,1,1,0,0,0,0,1,0,0,0
503,-0.2213395408404465,1.6346532229895412,0,1,0,1,0,0,0,0,0,1,1,0,0,0,1,1,0,0,0,0,0,0,0
504,-1.380284776142355,1.7822244033985424,0,0,0,1,0,1,1,0,0,1,1,1,1,1,0,0,0,0,0,0,0,1,0
505,0.6557000966853219,1.4870820425805402,1,1,1,1,1,0,0,1,1,1,1,0,1,0,1,0,0,0,0,0,0,1,0
506,-1.599544685523797,-1.5381271558039815,0,1,0,1,1,0,0,1,1,1,1,0,1,0,0,0,0,0,0,0,0,0,1
507,0.06056605693569336,0.3065125993085317,0,0,0,1,1,1,0,0,1,0,1,1,0,0,0,0,0,0,1,0,0,0,0
508,-1.5838832634251225,-0.7264856635544757,0,1,1,1,1,0,1,0,0,1,1,1,1,1,0,0,0,0,0,1,0,0,0
509,-1.458591886635727,-0.5051288929409741,0,0,0,0,1,0,0,1,0,0,1,0,1,0,1,0,1,0,0,0,0,0,0
510,0.6870229408826708,1.0443685013535369,1,1,0,0,0,0,0,1,0,0,0,1,1,1,1,0,1,0,0,0,0,0,0
511,1.7206767993951837,1.339510862171539,1,0,0,0,0,1,0,1,1,0,0,1,0,1,0,0,0,0,0,1,0,0,0
512,-1.208009133056936,0.5278693699220333,0,1,0,0,0,1,1,0,0,1,1,0,0,1,1,0,1,0,0,0,0,0,0
513,-0.4405994502218886,0.3065125993085317,0,1,1,1,1,0,1,0,0,1,1,0,0,0,0,1,0,0,0,0,0,0,0
514,0.3424716547118332,0.8967973209445359,1,1,0,1,1,1,0,0,0,1,0,1,1,0,0,0,0,0,0,0,1,0,0
515,-0.36229233972851643,0.4540837797175328,0,0,1,1,0,0,1,0,1,0,1,0,1,0,1,0,0,0,1,0,0,0,0
516,0.2954873884158099,1.191939681762538,0,0,0,1,0,0,0,0,1,0,0,0,0,0,1,0,0,0,1,0,0,0,0
517,1.0785584933495318,-1.0954136145769784,1,0,1,0,0,1,1,0,0,1,0,1,1,0,1,1,0,0,0,0,0,0,0
518,-0.48758371651791194,0.4540837797175328,1,1,1,0,0,1,0,0,0,1,0,0,0,0,0,0,0,0,0,0,0,1,0
519,1.4231097795203693,0.7492261405355348,1,1,1,0,0,0,1,0,1,0,1,1,0,0,1,1,0,0,0,0,0,0,0
520,1.2038498701389273,-1.0954136145769784,0,0,1,0,0,1,0,0,1,1,1,0,1,0,0,0,0,0,0,0,1,0,0
521,-0.25266238503779537,-1.169199204781479,0,0,0,1,1,0,0,0,1,1,1,0,0,0,0,0,0,0,0,1,0,0,0
522,-1.3176390877476571,-0.5051288929409741,0,0,0,0,1,1,0,0,1,0,0,1,1,1,1,0,0,1,0,0,0,0,0
523,1.517078312112416,-0.2837721223274725,0,0,0,0,0,1,1,1,0,1,1,1,0,1,1,0,0,1,0,0,0,0,0
524,-0.20567811874177205,0.8967973209445359,1,0,1,0,0,0,1,1,1,1,1,0,1,1,1,0,0,0,1,0,0,0,0
525,1.7206767993951837,0.23272700910403116,0,0,1,1,0,1,0,0,1,0,0,0,1,0,1,0,0,0,0,0,1,0,0
526,0.7026843629813453,1.6346532229895412,1,1,1,1,0,1,1,1,1,0,0,1,1,0,1,0,0,0,0,0,0,1,0
527,-0.6598593596033308,0.15894141889953065,0,0,1,1,1,1,1,1,0,1,1,1,1,1,0,1,0,0,0,0,0,0,0
528,1.2195112922376017,-1.169199204781479,1,1,0,0,0,0,0,0,0,1,1,0,0,1,0,0,0,0,0,0,0,1,0
529,0.5617315640932754,1.6346532229895412,1,1,0,0,0,1,0,0,1,0,1,1,1,1,1,0,0,0,0,0,0,1,0
530,-1.4429304645370526,1.7822244033985424,1,0,1,0,0,1,0,1,1,1,0,0,0,0,1,0,0,0,1,0,0,0,0
531,-0.45626087232056306,-0.4313433027364736,0,0,0,1,1,0,1,0,1,0,0,0,1,1,1,0,0,0,0,0,0,1,0
532,1.2195112922376017,1.4870820425805402,0,0,0,1,1,0,0,0,1,0,0,1,1,1,0,0,0,0,1,0,0,0,0
533,0.3424716547118332,-1.0216280243724778,1,1,1,0,0,1,0,0,0,1,1,0,1,1,1,0,0,0,1,0,0,0,0
534,-1.4429304645370526,1.191939681762538,1,0,0,1,0,0,0,1,0,0,0,1,1,1,0,0,0,0,1,0,0,0,0
535,0.514747297797252,-0.2837721223274725,1,1,1,0,0,1,0,0,0,0,0,0,1,0,1,1,0,0,0,0,0,0,0
536,-1.0200720678728428,-1.2429847949859794,0,0,1,0,0,1,0,1,0,1,0,0,0,1,0,0,1,0,0,0,0,0,0
537,1.0472356491521828,1.4132964523760396,1,0,1,1,0,1,1,1,0,0,1,0,0,1,0,0,0,0,0,0,0,0,1
538,-0.6441979375046563,-0.5789144831454747,1,1,1,0,0,1,1,1,0,0,0,0,1,1,0,0,0,0,1,0,0,0,0
539,0.2015188558237633,0.3065125993085317,0,1,1,1,1,0,1,1,1,0,0,0,1,0,0,1,0,0,0,0,0,0,0
540,-1.2549933993529594,0.7492261405355348,1,0,1,0,0,0,0,1,1,1,1,0,0,0,1,0,0,0,1,0,0,0,0
541,0.6870229408826708,-1.169199204781479,0,0,0,1,0,0,0,0,0,0,0,0,0,1,1,0,0,0,0,1,0,0,0
542,-0.346630917629842,-0.5051288929409741,1,1,0,0,0,1,1,0,0,1,1,1,0,1,0,0,0,1,0,0,0,0,0
543,-0.7225050479980285,-0.8740568439634767,0,0,1,1,1,1,1,0,0,1,1,0,1,0,0,0,0,0,0,0,1,0,0
544,-1.3176390877476571,-1.3905559753949805,1,0,1,0,1,1,0,1,1,0,0,1,1,1,0,1,0,0,0,0,0,0,0
545,-0.6128750933073074,0.8230117307400354,0,1,1,1,1,1,0,1,1,1,0,1,0,1,0,0,0,0,0,0,0,0,1
546,1.156865603842904,-0.7264856635544757,0,1,1,0,1,1,1,0,1,0,1,1,0,0,0,0,0,0,0,0,1,0,0
547,0.6087158303892987,-0.5789144831454747,1,1,0,1,0,1,0,0,0,1,0,1,1,1,1,0,0,0,0,1,0,0,0
548,1.767661065691207,-0.35755771253197305,1,1,1,0,1,1,0,1,0,0,1,1,1,1,1,0,0,0,0,0,0,1,0
549,-1.1453634446622383,-0.06241535171397095,0,1,1,0,1,1,1,1,0,0,0,0,1,0,1,1,0,0,0,0,0,0,0
550,-1.4116076203397037,0.8230117307400354,1,0,1,0,0,0,0,0,0,0,0,1,1,0,1,1,0,0,0,0,0,0,0
551,-1.0044106457741684,-0.35755771253197305,1,1,1,1,0,0,1,1,0,0,0,0,1,1,0,0,1,0,0,0,0,0,0
552,1.2978184027309738,-0.8002712537589762,0,1,0,1,1,0,1,1,1,0,1,0,0,1,1,1,0,0,0,0,0,0,0
553,-1.5525604192277735,0.0851558286950301,0,1,1,0,0,1,1,1,1,0,1,1,0,0,1,0,0,0,0,0,0,1,0
554,-0.45626087232056306,-1.31677038519048,1,1,1,1,0,0,0,1,0,1,0,1,1,0,1,0,0,0,0,0,1,0,0
555,0.9219442723627874,0.3065125993085317,1,1,0,0,0,1,1,0,0,1,1,1,1,1,0,0,0,0,0,0,0,0,1
556,-0.25266238503779537,-0.2837721223274725,0,0,1,0,1,1,1,0,0,0,1,1,1,1,1,0,0,0,1,0,0,0,0
557,0.8592985839680897,-0.7264856635544757,1,1,1,1,0,1,0,1,0,0,1,1,0,1,0,0,1,0,0,0,0,0,0
558,-1.2549933993529594,-0.4313433027364736,1,0,0,1,0,1,1,1,0,1,0,1,0,0,0,0,0,0,0,0,1,0,0
559,0.6713615187839964,-0.13620094191847149,0,1,0,0,0,0,1,1,0,1,0,1,0,1,1,0,0,0,0,0,0,1,0
560,-1.1140406004648895,1.1181540915580375,1,0,0,0,1,0,1,1,0,1,0,0,0,0,0,0,0,0,0,0,0,1,0
561,-0.7538278921953774,-0.13620094191847149,1,1,0,1,1,0,0,0,1,1,0,0,1,0,1,0,1,0,0,0,0,0,0
562,1.266495558533625,1.191939681762538,0,0,0,1,0,1,0,1,0,0,1,0,1,1,1,0,1,0,0,0,0,0,0
563,1.6110468447044626,-0.209986532122972,0,1,0,1,0,0,1,1,1,0,1,0,0,1,1,1,0,0,0,0,0,0,0
564,-1.098379178366215,0.9705829111490365,0,0,0,1,0,1,0,0,0,1,0,0,1,1,1,0,0,0,0,0,1,0,0
565,0.5773929861919498,-1.169199204781479,0,0,0,1,0,0,0,0,1,0,1,1,1,1,1,0,0,0,1,0,0,0,0
566,-1.0513949120701918,-1.464341565599481,0,0,0,0,1,1,1,0,1,1,1,0,1,0,1,0,0,0,1,0,0,0,0
567,0.9376056944614618,-0.4313433027364736,1,0,0,0,0,0,1,0,0,0,0,0,1,0,1,0,0,0,0,0,1,0,0
568,-1.4742533087344014,-1.6119127460084821,0,0,0,1,0,1,1,1,1,0,1,0,1,1,0,0,0,0,0,0,1,0,0
569,0.40511734310653097,-0.9478424341679773,0,0,0,1,0,0,1,0,1,0,1,1,1,1,1,0,0,0,1,0,0,0,0
570,0.06056605693569336,1.339510862171539,1,1,0,1,1,1,0,1,0,1,0,0,1,1,0,0,0,0,0,0,0,1,0
571,-0.6285365154059819,-0.5789144831454747,1,0,1,1,1,1,1,1,0,0,1,1,1,0,0,0,0,0,0,0,1,0,0
572,0.6400386745866475,-1.3905559753949805,1,0,1,0,1,0,0,1,1,1,0,0,1,1,1,0,0,0,0,0,0,0,1
573,-0.28398522923514424,0.9705829111490365,0,1,0,0,1,0,0,0,1,0,0,1,1,1,0,0,0,0,0,1,0,0,0
574,-1.2863162435503082,-1.6856983362129825,1,1,1,0,0,0,0,1,1,1,1,0,0,0,1,0,0,0,0,1,0,0,0
575,0.13887316742906555,0.6016549601265339,0,1,1,1,0,1,1,0,1,1,1,0,1,1,0,0,0,0,0,0,1,0,0
576,1.5484011563097648,-0.8740568439634767,0,0,0,1,0,0,1,0,0,1,0,1,1,0,0,1,0,0,0,0,0,0,0
577,0.4521016094025543,-1.3905559753949805,0,1,0,0,0,1,0,1,1,0,1,0,0,1,1,0,0,0,0,0,0,1,0
578,0.31114881051448434,1.339510862171539,1,0,1,0,0,1,0,0,0,1,1,1,0,1,1,1,0,0,0,0,0,0,0
579,0.4207787652052054,1.4870820425805402,0,1,0,0,0,1,1,0,0,1,1,1,0,0,1,0,0,0,0,0,1,0,0
580,1.6736925330991603,0.6754405503310343,0,0,0,1,1,0,0,1,1,0,0,0,0,1,0,0,1,0,0,0,0,0,0
581,-1.6465289518198203,0.8967973209445359,0,0,0,0,0,1,0,0,0,0,0,0,1,1,0,1,0,0,0,0,0,0,0
582,-1.0513949120701918,0.8230117307400354,1,1,0,0,0,1,1,0,1,0,1,0,1,1,1,0,0,0,0,0,1,0,0
583,-0.5189065607152608,-1.0216280243724778,0,0,0,1,0,1,0,0,1,1,0,0,1,0,0,0,0,0,0,0,0,0,1
584,-0.8008121584914006,0.9705829111490365,0,0,1,1,0,1,1,1,0,0,1,1,1,1,0,0,1,0,0,0,0,0,0
585,-0.11170958614972544,-1.3905559753949805,1,1,0,1,0,1,0,0,1,0,1,0,0,0,0,0,0,1,0,0,0,0,0
586,1.7989839098885558,1.339510862171539,0,0,0,0,1,1,0,1,1,0,1,0,1,1,1,1,0,0,0,0,0,0,0
587,-0.06472531985370213,1.1181540915580375,0,0,1,1,0,0,0,0,0,1,0,0,1,0,0,0,0,0,1,0,0,0,0
588,0.43644018730387985,-1.5381271558039815,1,0,1,1,0,0,0,0,1,1,1,1,1,1,0,1,0,0,0,0,0,0,0
589,-1.0357334899715172,-0.5051288929409741,1,0,1,0,1,1,1,1,0,0,1,1,0,1,1,0,0,0,0,1,0,0,0
590,-1.5212375750304248,0.4540837797175328,1,1,0,1,0,0,0,1,1,1,0,1,0,1,1,1,0,0,0,0,0,0,0
591,0.5304087198959265,-1.169199204781479,1,1,1,1,1,0,1,0,1,1,0,0,0,0,0,0,0,1,0,0,0,0,0
592,-1.0200720678728428,0.6754405503310343,0,0,1,0,1,0,0,1,0,1,0,1,1,1,0,0,1,0,0,0,0,0,0
593,-1.1453634446622383,-1.0954136145769784,0,0,0,0,0,1,0,0,0,1,1,0,0,1,0,0,0,0,0,1,0,0,0
594,-0.9730878015768195,0.6016549601265339,1,1,1,1,1,0,0,1,1,1,1,0,1,1,1,0,0,0,0,1,0,0,0
595,-0.5189065607152608,0.8230117307400354,1,1,0,0,0,1,0,0,1,1,1,0,0,1,1,0,1,0,0,0,0,0,0
596,1.015912804954834,-0.5051288929409741,1,1,1,1,1,1,1,1,1,1,1,0,0,0,1,0,0,0,0,0,0,0,1
597,1.517078312112416,1.0443685013535369,1,1,1,0,1,1,0,1,0,1,1,0,1,0,0,0,0,0,0,0,1,0,0
598,1.4700940458163927,-1.5381271558039815,0,0,1,1,0,1,1,0,0,1,1,0,0,1,1,0,1,0,0,0,0,0,0
599,-1.5055761529317504,-1.6119127460084821,0,1,0,1,1,0,0,1,0,0,0,0,0,1,0,0,0,0,0,0,1,0,0
600,-0.15869385244574874,-1.464341565599481,0,0,0,1,1,0,1,0,0,1,0,1,1,0,0,0,0,0,0,0,0,0,1
601,-0.17435527454442318,-0.9478424341679773,1,1,1,1,0,1,0,0,0,0,0,1,0,1,1,0,0,0,0,0,0,0,1
602,0.7496686292773685,0.8967973209445359,1,1,1,1,0,0,1,1,1,1,1,1,1,1,0,0,0,1,0,0,0,0,0
603,-1.1140406004648895,-0.5051288929409741,0,1,1,0,0,0,0,0,1,1,0,0,0,1,1,0,1,0,0,0,0,0,0
604,1.2038498701389273,1.4132964523760396,0,1,0,1,0,0,1,0,0,1,1,0,1,1,1,0,0,0,0,1,0,0,0
605,-1.4116076203397037,0.01137023849052958,0,1,1,1,1,0,0,0,1,1,0,1,0,0,1,0,0,0,0,1,0,0,0
606,0.8279757397707408,-1.5381271558039815,1,1,0,0,1,1,1,0,1,1,0,0,0,1,0,0,0,0,1,0,0,0,0
607,0.9062828502641129,0.6754405503310343,1,1,1,1,1,1,0,0,1,1,0,0,1,0,1,0,0,0,0,0,1,0,0
608,1.4700940458163927,1.0443685013535369,0,1,1,0,1,0,1,0,0,1,0,1,1,1,1,0,1,0,0,0,0,0,0
609,-0.5658908270112841,0.38029818951303224,1,1,1,0,0,0,0,1,1,1,1,1,1,0,1,0,1,0,0,0,0,0,0
610,-0.597213671208633,-0.5789144831454747,1,0,0,0,0,1,1,0,1,0,1,1,0,1,1,0,1,0,0,0,0,0,0
